DisplayOrder,COUNTRY,ISO3,WHO_REGION,WHO_REGION_SHORTNAME,CasesAll,CasesLast24Hours,CasesLast7Days,DeathsAll,DeathsLast24Hours,DeathsLast7Days,Latitude,Longitude,MPX_DataAvailable,LASTREPDATE
1,BY WHO Region,,,,68998,0,1057,26,0,1,,,1,
2,WHO African Region,,WHO African Region,AFRO,726,0,12,13,0,0,,,1,
2,WHO Eastern Mediterranean Region,,WHO Eastern Mediterranean Region,EMRO,64,0,10,1,0,0,,,1,
2,WHO European Region,,WHO European Region,EURO,24820,0,142,5,0,0,,,1,
2,WHO Region of the Americas,,WHO Region of the Americas,AMRO,43181,0,890,6,0,1,,,1,
2,WHO South-East Asia Region,,WHO South-East Asia Region,SEARO,23,0,2,1,0,0,,,1,
2,WHO Western Pacific Region,,WHO Western Pacific Region,WPRO,184,0,1,0,0,0,,,1,
3,AFGHANISTAN,AFG,WHO Eastern Mediterranean Region,EMRO,0,0,0,0,0,0,33.83890116,66.02652977,0,
3,ALBANIA,ALB,WHO European Region,EURO,0,0,0,0,0,0,41.14595803,20.06917817,0,
3,ALGERIA,DZA,WHO African Region,AFRO,0,0,0,0,0,0,28.16335741,2.63236595,0,
3,AMERICAN SAMOA,ASM,WHO Western Pacific Region,WPRO,0,0,0,0,0,0,-14.28592649,-170.4018397,0,
3,ANDORRA,AND,WHO European Region,EURO,4,0,0,0,0,0,42.54858297,1.57568833,1,2022-10-04T00:00:00
3,ANGOLA,AGO,WHO African Region,AFRO,0,0,0,0,0,0,-12.29575318,17.54379621,0,
3,ANGUILLA,AIA,WHO Region of the Americas,AMRO,0,0,0,0,0,0,18.22423294,-63.05795609,0,
3,ANTIGUA AND BARBUDA,ATG,WHO Region of the Americas,AMRO,0,0,0,0,0,0,17.280137,-61.79112759,0,
3,ARGENTINA,ARG,WHO Region of the Americas,AMRO,396,0,70,0,0,0,-35.37667253,-65.16748474,1,2022-09-30T00:00:00
3,ARMENIA,ARM,WHO European Region,EURO,0,0,0,0,0,0,40.28641688,44.94793424,0,
3,ARUBA,ABW,WHO Region of the Americas,AMRO,3,0,0,0,0,0,12.51668736,-69.97713313,1,2022-09-13T00:00:00
3,AUSTRALIA,AUS,WHO Western Pacific Region,WPRO,136,0,0,0,0,0,-25.73326023,134.49097595,1,2022-09-27T00:00:00
3,AUSTRIA,AUT,WHO European Region,EURO,314,0,1,0,0,0,47.59295768,14.13998831,1,2022-10-04T00:00:00
3,AZERBAIJAN,AZE,WHO European Region,EURO,0,0,0,0,0,0,40.2922195,47.53232681,0,
3,BAHAMAS,BHS,WHO Region of the Americas,AMRO,2,0,0,0,0,0,24.1666829,-76.5004385,1,2022-08-20T00:00:00
3,BAHRAIN,BHR,WHO Eastern Mediterranean Region,EMRO,1,0,0,0,0,0,26.01947392,50.56248915,1,2022-09-16T00:00:00
3,BANGLADESH,BGD,WHO South-East Asia Region,SEARO,0,0,0,0,0,0,23.8330072,90.27092576,0,
3,BARBADOS,BRB,WHO Region of the Americas,AMRO,1,0,0,0,0,0,13.17879902,-59.56212696,1,2022-07-19T00:00:00
3,BELARUS,BLR,WHO European Region,EURO,0,0,0,0,0,0,53.54021951,28.04696448,0,
3,BELGIUM,BEL,WHO European Region,EURO,775,0,5,1,0,0,50.64295176,4.66434841,1,2022-10-04T00:00:00
3,BELIZE,BLZ,WHO Region of the Americas,AMRO,0,0,0,0,0,0,17.21852829,-88.68278545,0,
3,BENIN,BEN,WHO African Region,AFRO,3,0,0,0,0,0,9.64764997,2.34326271,1,2022-10-04T00:00:00
3,BERMUDA,BMU,WHO Region of the Americas,AMRO,1,0,0,0,0,0,32.31349498,-64.75637722,1,2022-07-23T00:00:00
3,BHUTAN,BTN,WHO South-East Asia Region,SEARO,0,0,0,0,0,0,27.41546082,90.42943275,0,
3,BOLIVIA (PLURINATIONAL STATE OF),BOL,WHO Region of the Americas,AMRO,200,0,15,0,0,0,-16.71510989,-64.67054847,1,2022-10-04T00:00:00
3,"BONAIRE, SAINT EUSTATIUS AND SABA",BES,WHO Region of the Americas,AMRO,0,0,0,0,0,0,12.8000687,-67.68539883,0,
3,BOSNIA AND HERZEGOVINA,BIH,WHO European Region,EURO,5,0,0,0,0,0,44.16643966,17.78861095,1,2022-10-04T00:00:00
3,BOTSWANA,BWA,WHO African Region,AFRO,0,0,0,0,0,0,-22.18204202,23.8150775,0,
3,BRAZIL,BRA,WHO Region of the Americas,AMRO,7869,0,245,2,0,0,-10.7722828,-53.08875436,1,2022-10-02T00:00:00
3,BRITISH VIRGIN ISLANDS,VGB,WHO Region of the Americas,AMRO,0,0,0,0,0,0,18.50995704,-64.48189201,0,
3,BRUNEI DARUSSALAM,BRN,WHO Western Pacific Region,WPRO,0,0,0,0,0,0,4.52147838,114.76132088,0,
3,BULGARIA,BGR,WHO European Region,EURO,6,0,0,0,0,0,42.76032141,25.23475756,1,2022-10-04T00:00:00
3,BURKINA FASO,BFA,WHO African Region,AFRO,0,0,0,0,0,0,12.27793715,-1.73983521,0,
3,BURUNDI,BDI,WHO African Region,AFRO,0,0,0,0,0,0,-3.35629712,29.88682139,0,
3,CABO VERDE,CPV,WHO African Region,AFRO,0,0,0,0,0,0,15.95835631,-23.98646952,0,
3,CAMBODIA,KHM,WHO Western Pacific Region,WPRO,0,0,0,0,0,0,12.71402994,104.92123962,0,
3,CAMEROON,CMR,WHO African Region,AFRO,8,0,0,2,0,0,5.68580436,12.7432535,1,2022-10-04T00:00:00
3,CANADA,CAN,WHO Region of the Americas,AMRO,1400,0,4,0,0,0,61.3930667,-98.26094698,1,2022-10-04T00:00:00
3,CAYMAN ISLANDS,CYM,WHO Region of the Americas,AMRO,0,0,0,0,0,0,19.431525,-80.82909683,0,
3,CENTRAL AFRICAN REPUBLIC,CAF,WHO African Region,AFRO,9,0,0,0,0,0,6.57145342,20.48278081,1,2022-10-04T00:00:00
3,CHAD,TCD,WHO African Region,AFRO,0,0,0,0,0,0,15.3611457,18.66460339,0,
3,CHILE,CHL,WHO Region of the Americas,AMRO,915,0,35,0,0,0,-37.86811922,-71.38009385,1,2022-10-04T00:00:00
3,CHINA,CHN,WHO Western Pacific Region,WPRO,5,0,0,0,0,0,36.51870146,103.8934731,1,2022-09-16T00:00:00
3,CHRISTMAS ISLAND,CXR,WHO Western Pacific Region,WPRO,0,0,0,0,0,0,-10.44411526,105.70369832,0,
3,COCOS (KEELING) ISLANDS,CCK,WHO Western Pacific Region,WPRO,0,0,0,0,0,0,-12.17188243,96.85559708,0,
3,COLOMBIA,COL,WHO Region of the Americas,AMRO,2042,0,0,0,0,0,3.90037401,-73.07576335,1,2022-09-28T00:00:00
3,COMOROS,COM,WHO African Region,AFRO,0,0,0,0,0,0,-11.89337767,43.67623201,0,
3,CONGO,COG,WHO African Region,AFRO,5,0,0,0,0,0,-0.84006603,15.22427459,1,2022-10-04T00:00:00
3,COOK ISLANDS,COK,WHO Western Pacific Region,WPRO,0,0,0,0,0,0,-18.92510386,-159.11875865,0,
3,COSTA RICA,CRI,WHO Region of the Americas,AMRO,5,0,1,0,0,0,9.97052135,-84.18903867,1,2022-10-04T00:00:00
3,CÔTE D'IVOIRE,CIV,WHO African Region,AFRO,0,0,0,0,0,0,7.6317253,-5.55549992,0,
3,CROATIA,HRV,WHO European Region,EURO,29,0,0,0,0,0,45.04363696,16.40934249,1,2022-10-04T00:00:00
3,CUBA,CUB,WHO Region of the Americas,AMRO,4,0,1,1,0,0,21.62142096,-79.0381998,1,2022-10-04T00:00:00
3,CURAÇAO,CUW,WHO Region of the Americas,AMRO,3,0,0,0,0,0,12.18777683,-68.9673693,1,2022-09-22T00:00:00
3,CYPRUS,CYP,WHO European Region,EURO,5,0,0,0,0,0,35.04299175,33.21863708,1,2022-10-04T00:00:00
3,CZECHIA,CZE,WHO European Region,EURO,68,0,2,1,0,0,49.74303614,15.33833995,1,2022-10-04T00:00:00
3,DEMOCRATIC PEOPLE'S REPUBLIC OF KOREA,PRK,WHO South-East Asia Region,SEARO,0,0,0,0,0,0,40.14284868,127.18053377,0,
3,DEMOCRATIC REPUBLIC OF THE CONGO,COD,WHO African Region,AFRO,190,0,0,0,0,0,-2.87622576,23.65431545,1,2022-10-04T00:00:00
3,DENMARK,DNK,WHO European Region,EURO,187,0,2,0,0,0,55.9623328,10.05082082,1,2022-10-04T00:00:00
3,DJIBOUTI,DJI,WHO Eastern Mediterranean Region,EMRO,0,0,0,0,0,0,11.7498128,42.5779403,0,
3,DOMINICA,DMA,WHO Region of the Americas,AMRO,0,0,0,0,0,0,15.43661252,-61.35549385,0,
3,DOMINICAN REPUBLIC,DOM,WHO Region of the Americas,AMRO,31,0,0,0,0,0,18.89309386,-70.48543447,1,2022-09-16T00:00:00
3,ECUADOR,ECU,WHO Region of the Americas,AMRO,142,0,22,1,0,0,-1.42528337,-78.78096177,1,2022-10-04T00:00:00
3,EGYPT,EGY,WHO Eastern Mediterranean Region,EMRO,1,0,0,0,0,0,26.5565646,29.78210708,1,2022-09-27T00:00:00
3,EL SALVADOR,SLV,WHO Region of the Americas,AMRO,9,0,4,0,0,0,13.73614532,-88.86560674,1,2022-10-03T00:00:00
3,EQUATORIAL GUINEA,GNQ,WHO African Region,AFRO,0,0,0,0,0,0,1.7101686,10.33849628,0,
3,ERITREA,ERI,WHO African Region,AFRO,0,0,0,0,0,0,15.35884102,38.85292555,0,
3,ESTONIA,EST,WHO European Region,EURO,11,0,0,0,0,0,58.67400787,25.5257709,1,2022-10-04T00:00:00
3,ESWATINI,SWZ,WHO African Region,AFRO,0,0,0,0,0,0,-26.56211674,31.4971888,0,
3,ETHIOPIA,ETH,WHO African Region,AFRO,0,0,0,0,0,0,8.62613927,39.61601894,0,
3,FALKLAND ISLANDS (MALVINAS),FLK,WHO Region of the Americas,AMRO,0,0,0,0,0,0,-51.7398244,-59.37234604,0,
3,FAROE ISLANDS,FRO,WHO European Region,EURO,0,0,0,0,0,0,62.050314,-6.86363602,0,
3,FIJI,FJI,WHO Western Pacific Region,WPRO,0,0,0,0,0,0,-17.855,178.182,0,
3,FINLAND,FIN,WHO European Region,EURO,40,0,0,0,0,0,64.49433129,26.2588423,1,2022-10-04T00:00:00
3,FRANCE,FRA,WHO European Region,EURO,3999,0,0,0,0,0,46.56487403,2.55042646,1,2022-10-04T00:00:00
3,FRENCH GUIANA,GUF,WHO Region of the Americas,AMRO,0,0,0,0,0,0,3.9243882,-53.24126696,0,
3,FRENCH POLYNESIA,PYF,WHO Western Pacific Region,WPRO,0,0,0,0,0,0,-15.09831589,-145.52972875,0,
3,GABON,GAB,WHO African Region,AFRO,0,0,0,0,0,0,-0.59067797,11.79715762,0,
3,GAMBIA,GMB,WHO African Region,AFRO,0,0,0,0,0,0,13.4529444,-15.3856196,0,
3,GEORGIA,GEO,WHO European Region,EURO,2,0,0,0,0,0,42.17632583,43.51757115,1,2022-10-04T00:00:00
3,GERMANY,DEU,WHO European Region,EURO,3631,0,10,0,0,0,51.11015396,10.39232967,1,2022-10-04T00:00:00
3,GHANA,GHA,WHO African Region,AFRO,103,0,12,4,0,0,7.95964382,-1.20704619,1,2022-10-04T00:00:00
3,GIBRALTAR,GIB,WHO European Region,EURO,6,0,0,0,0,0,36.1381932,-5.34488893,1,2022-10-04T00:00:00
3,GREECE,GRC,WHO European Region,EURO,82,0,2,0,0,0,39.04452874,22.9879848,1,2022-10-04T00:00:00
3,GREENLAND,GRL,WHO European Region,EURO,2,0,0,0,0,0,74.71895353,-41.39096667,1,2022-10-04T00:00:00
3,GRENADA,GRD,WHO Region of the Americas,AMRO,0,0,0,0,0,0,12.16251573,-61.65003909,0,
3,GUADELOUPE,GLP,WHO Region of the Americas,AMRO,1,0,0,0,0,0,16.20126357,-61.53039242,1,2022-08-05T00:00:00
3,GUAM,GUM,WHO Western Pacific Region,WPRO,1,0,0,0,0,0,13.44403107,144.77585678,1,2022-09-12T00:00:00
3,GUATEMALA,GTM,WHO Region of the Americas,AMRO,30,0,6,0,0,0,15.7023026,-90.3569493,1,2022-10-04T00:00:00
3,GUERNSEY,GGY,WHO European Region,EURO,0,0,0,0,0,0,49.4590463,-2.57582282,0,
3,GUINEA,GIN,WHO African Region,AFRO,0,0,0,0,0,0,10.43854094,-10.94182542,0,
3,GUINEA-BISSAU,GNB,WHO African Region,AFRO,0,0,0,0,0,0,12.0161983,-14.98748401,0,
3,GUYANA,GUY,WHO Region of the Americas,AMRO,2,0,0,0,0,0,4.79237827,-58.97416349,1,2022-08-30T00:00:00
3,HAITI,HTI,WHO Region of the Americas,AMRO,0,0,0,0,0,0,18.93900136,-72.68358014,0,
3,HOLY SEE,VAT,WHO European Region,EURO,0,0,0,0,0,0,41.89324195,12.48571114,0,
3,HONDURAS,HND,WHO Region of the Americas,AMRO,6,0,0,0,0,0,14.81934813,-86.61965899,1,2022-09-22T00:00:00
3,HUNGARY,HUN,WHO European Region,EURO,78,0,1,0,0,0,47.16647906,19.41342813,1,2022-10-04T00:00:00
3,ICELAND,ISL,WHO European Region,EURO,14,0,0,0,0,0,64.99764998,-18.6057026,1,2022-10-04T00:00:00
3,INDIA,IND,WHO South-East Asia Region,SEARO,12,0,0,1,0,0,22.88129202,79.6219942,1,2022-10-02T00:00:00
3,INDONESIA,IDN,WHO South-East Asia Region,SEARO,1,0,0,0,0,0,-2.22903453,117.31101692,1,2022-10-02T00:00:00
3,IRAN (ISLAMIC REPUBLIC OF),IRN,WHO Eastern Mediterranean Region,EMRO,1,0,0,0,0,0,32.56479959,54.30141376,1,2022-08-18T00:00:00
3,IRAQ,IRQ,WHO Eastern Mediterranean Region,EMRO,0,0,0,0,0,0,33.04800654,43.77224552,0,
3,IRELAND,IRL,WHO European Region,EURO,195,0,12,0,0,0,53.17708682,-8.1515763,1,2022-10-04T00:00:00
3,ISLE OF MAN,IMN,WHO European Region,EURO,0,0,0,0,0,0,54.2288333,-4.52652992,0,
3,ISRAEL,ISR,WHO European Region,EURO,254,0,4,0,0,0,31.35805652,34.96598271,1,2022-10-04T00:00:00
3,ITALY,ITA,WHO European Region,EURO,851,0,5,0,0,0,42.79119167,12.07165559,1,2022-10-04T00:00:00
3,JAMAICA,JAM,WHO Region of the Americas,AMRO,14,0,0,0,0,0,18.15133064,-77.31975081,1,2022-09-24T00:00:00
3,JAPAN,JPN,WHO Western Pacific Region,WPRO,6,0,0,0,0,0,37.53982621,137.97387026,1,2022-09-29T00:00:00
3,JERSEY,JEY,WHO European Region,EURO,0,0,0,0,0,0,49.21949816,-2.12891773,0,
3,JORDAN,JOR,WHO Eastern Mediterranean Region,EMRO,1,0,0,0,0,0,31.25338179,36.78694114,1,2022-09-08T00:00:00
3,KAZAKHSTAN,KAZ,WHO European Region,EURO,0,0,0,0,0,0,48.1600427,67.30130018,0,
3,KENYA,KEN,WHO African Region,AFRO,0,0,0,0,0,0,0.52978018,37.85786442,0,
3,KIRIBATI,KIR,WHO Western Pacific Region,WPRO,0,0,0,0,0,0,1.351362,173.036201,0,
3,KOSOVO,XKX,WHO European Region,EURO,0,0,0,0,0,0,42.568695,20.936955,0,
3,KUWAIT,KWT,WHO Eastern Mediterranean Region,EMRO,0,0,0,0,0,0,29.34250906,47.59355128,0,
3,KYRGYZSTAN,KGZ,WHO European Region,EURO,0,0,0,0,0,0,41.46490717,74.555493,0,
3,LAO PEOPLE'S DEMOCRATIC REPUBLIC,LAO,WHO Western Pacific Region,WPRO,0,0,0,0,0,0,18.50245057,103.76340559,0,
3,LATVIA,LVA,WHO European Region,EURO,5,0,0,0,0,0,56.85766939,24.92915332,1,2022-10-04T00:00:00
3,LEBANON,LBN,WHO Eastern Mediterranean Region,EMRO,11,0,0,0,0,0,33.92039304,35.88806123,1,2022-09-09T00:00:00
3,LESOTHO,LSO,WHO African Region,AFRO,0,0,0,0,0,0,-29.58100795,28.24284034,0,
3,LIBERIA,LBR,WHO African Region,AFRO,3,0,0,0,0,0,6.44811846,-9.30784656,1,2022-10-04T00:00:00
3,LIBYA,LBY,WHO Eastern Mediterranean Region,EMRO,0,0,0,0,0,0,27.04404524,18.02318627,0,
3,LIECHTENSTEIN,LIE,WHO European Region,EURO,0,0,0,0,0,0,47.15259548,9.55526493,0,
3,LITHUANIA,LTU,WHO European Region,EURO,5,0,0,0,0,0,55.33585013,23.89683075,1,2022-10-04T00:00:00
3,LUXEMBOURG,LUX,WHO European Region,EURO,55,0,0,0,0,0,49.77096396,6.08754416,1,2022-10-04T00:00:00
3,MADAGASCAR,MDG,WHO African Region,AFRO,0,0,0,0,0,0,-19.37352133,46.70599248,0,
3,MALAWI,MWI,WHO African Region,AFRO,0,0,0,0,0,0,-13.21510424,34.30698504,0,
3,MALAYSIA,MYS,WHO Western Pacific Region,WPRO,0,0,0,0,0,0,3.79382045,109.7115743,0,
3,MALDIVES,MDV,WHO South-East Asia Region,SEARO,0,0,0,0,0,0,3.37481932,73.25178478,0,
3,MALI,MLI,WHO African Region,AFRO,0,0,0,0,0,0,17.35036933,-3.52433672,0,
3,MALTA,MLT,WHO European Region,EURO,33,0,0,0,0,0,35.92036651,14.40457358,1,2022-10-04T00:00:00
3,MARSHALL ISLANDS,MHL,WHO Western Pacific Region,WPRO,0,0,0,0,0,0,8.42167996,168.61039424,0,
3,MARTINIQUE,MTQ,WHO Region of the Americas,AMRO,1,0,0,0,0,0,14.65277419,-61.02147382,1,2022-07-20T00:00:00
3,MAURITANIA,MRT,WHO African Region,AFRO,0,0,0,0,0,0,20.25990361,-10.33226041,0,
3,MAURITIUS,MUS,WHO African Region,AFRO,0,0,0,0,0,0,-20.1700678,57.868476,0,
3,MAYOTTE,MYT,WHO African Region,AFRO,0,0,0,0,0,0,-12.81835006,45.13926174,0,
3,MEXICO,MEX,WHO Region of the Americas,AMRO,1627,0,0,0,0,0,23.95092841,-102.53499093,1,2022-09-28T00:00:00
3,MICRONESIA (FEDERATED STATES OF),FSM,WHO Western Pacific Region,WPRO,0,0,0,0,0,0,7.09583265,154.82818473,0,
3,MONACO,MCO,WHO European Region,EURO,3,0,0,0,0,0,43.75034615,7.41201715,1,2022-10-04T00:00:00
3,MONGOLIA,MNG,WHO Western Pacific Region,WPRO,0,0,0,0,0,0,46.83520872,103.08303108,0,
3,MONTENEGRO,MNE,WHO European Region,EURO,2,0,0,0,0,0,42.79659203,19.26458919,1,2022-10-04T00:00:00
3,MONTSERRAT,MSR,WHO Region of the Americas,AMRO,0,0,0,0,0,0,16.73575969,-62.18692145,0,
3,MOROCCO,MAR,WHO Eastern Mediterranean Region,EMRO,3,0,0,0,0,0,31.88355697,-6.31780295,1,2022-08-29T00:00:00
3,MOZAMBIQUE,MOZ,WHO African Region,AFRO,0,0,0,0,0,0,-17.26019392,35.55226053,0,
3,MYANMAR,MMR,WHO South-East Asia Region,SEARO,0,0,0,0,0,0,21.14009536,96.50868206,0,
3,NAMIBIA,NAM,WHO African Region,AFRO,0,0,0,0,0,0,-22.13329329,17.21845028,0,
3,NAURU,NRU,WHO Western Pacific Region,WPRO,0,0,0,0,0,0,-0.52207331,166.93008339,0,
3,NEPAL,NPL,WHO South-East Asia Region,SEARO,0,0,0,0,0,0,28.25300785,83.93851707,0,
3,NETHERLANDS,NLD,WHO European Region,EURO,1219,0,-4,0,0,0,52.2535763,5.60099776,1,2022-10-04T00:00:00
3,NEW CALEDONIA,NCL,WHO Western Pacific Region,WPRO,1,0,0,0,0,0,-21.29461419,165.67184977,1,2022-07-12T00:00:00
3,NEW ZEALAND,NZL,WHO Western Pacific Region,WPRO,9,0,0,0,0,0,-41.83710689,171.60397128,1,2022-09-22T00:00:00
3,NICARAGUA,NIC,WHO Region of the Americas,AMRO,0,0,0,0,0,0,12.84006976,-85.03375025,0,
3,NIGER,NER,WHO African Region,AFRO,0,0,0,0,0,0,17.42632282,9.39765754,0,
3,NIGERIA,NGA,WHO African Region,AFRO,400,0,0,7,0,0,9.59360399,8.10527726,1,2022-10-04T00:00:00
3,NIUE,NIU,WHO Western Pacific Region,WPRO,0,0,0,0,0,0,-19.05190358,-169.86858677,0,
3,NORFOLK ISLAND,NFK,WHO Western Pacific Region,WPRO,0,0,0,0,0,0,-29.03719883,167.95286612,0,
3,NORTH MACEDONIA,MKD,WHO European Region,EURO,0,0,0,0,0,0,41.59922075,21.6991485,0,
3,NORTHERN MARIANA ISLANDS,MNP,WHO Western Pacific Region,WPRO,0,0,0,0,0,0,16.25570464,145.58783211,0,
3,NORWAY,NOR,WHO European Region,EURO,92,0,0,0,0,0,64.44784887,14.07508911,1,2022-10-04T00:00:00
3,"OCCUPIED PALESTINIAN TERRITORY, INCLUDING EAST JERUSALEM",PSE,WHO Eastern Mediterranean Region,EMRO,0,0,0,0,0,0,31.91395114,35.20376878,0,
3,OMAN,OMN,WHO Eastern Mediterranean Region,EMRO,0,0,0,0,0,0,20.60208368,56.10981747,0,
3,PAKISTAN,PAK,WHO Eastern Mediterranean Region,EMRO,0,0,0,0,0,0,29.96678898,69.38581881,0,
3,PALAU,PLW,WHO Western Pacific Region,WPRO,0,0,0,0,0,0,7.3881454,134.48391583,0,
3,PANAMA,PAN,WHO Region of the Americas,AMRO,16,0,2,0,0,0,8.50544318,-80.10906884,1,2022-10-01T00:00:00
3,PAPUA NEW GUINEA,PNG,WHO Western Pacific Region,WPRO,0,0,0,0,0,0,-6.47589335,145.25368759,0,
3,PARAGUAY,PRY,WHO Region of the Americas,AMRO,2,0,1,0,0,0,-23.23612887,-58.39095178,1,2022-09-30T00:00:00
3,PERU,PER,WHO Region of the Americas,AMRO,2587,0,138,0,0,0,-9.16377133,-74.37540668,1,2022-10-04T00:00:00
3,PHILIPPINES,PHL,WHO Western Pacific Region,WPRO,4,0,0,0,0,0,11.74740203,122.87360743,1,2022-08-22T00:00:00
3,PITCAIRN,PCN,WHO Western Pacific Region,WPRO,0,0,0,0,0,0,-24.505797,-128.44279002,0,
3,POLAND,POL,WHO European Region,EURO,195,0,7,0,0,0,52.12472405,19.40092017,1,2022-10-04T00:00:00
3,PORTUGAL,PRT,WHO European Region,EURO,926,0,9,0,0,0,39.60269511,-8.46736074,1,2022-10-04T00:00:00
3,PUERTO RICO,PRI,WHO Region of the Americas,AMRO,186,0,4,0,0,0,18.22093074,-66.46612748,1,2022-10-04T00:00:00
3,QATAR,QAT,WHO Eastern Mediterranean Region,EMRO,5,0,0,0,0,0,25.31580997,51.19120083,1,2022-09-20T00:00:00
3,REPUBLIC OF KOREA,KOR,WHO Western Pacific Region,WPRO,2,0,0,0,0,0,36.36770228,127.82934392,1,2022-09-03T00:00:00
3,REPUBLIC OF MOLDOVA,MDA,WHO European Region,EURO,2,0,0,0,0,0,47.19332561,28.47434317,1,2022-10-04T00:00:00
3,RÉUNION,REU,WHO African Region,AFRO,0,0,0,0,0,0,-21.12162946,55.53821274,0,
3,ROMANIA,ROU,WHO European Region,EURO,40,0,0,0,0,0,45.84360558,24.96990758,1,2022-10-04T00:00:00
3,RUSSIAN FEDERATION,RUS,WHO European Region,EURO,2,0,0,0,0,0,61.9882456,96.68944215,1,2022-10-04T00:00:00
3,RWANDA,RWA,WHO African Region,AFRO,0,0,0,0,0,0,-1.99796798,29.91720553,0,
3,SAINT BARTHÉLEMY,BLM,WHO Region of the Americas,AMRO,0,0,0,0,0,0,17.90579684,-62.83349044,0,
3,SAINT HELENA,SHN,WHO African Region,AFRO,0,0,0,0,0,0,-25.07251316,-10.20560378,0,
3,SAINT KITTS AND NEVIS,KNA,WHO Region of the Americas,AMRO,0,0,0,0,0,0,17.26585656,-62.69617397,0,
3,SAINT LUCIA,LCA,WHO Region of the Americas,AMRO,0,0,0,0,0,0,13.89811518,-60.96869084,0,
3,SAINT MARTIN (FRENCH PART),MAF,WHO Region of the Americas,AMRO,1,0,0,0,0,0,18.08767182,-63.0646247,1,2022-08-04T00:00:00
3,SAINT PIERRE AND MIQUELON,SPM,WHO Region of the Americas,AMRO,0,0,0,0,0,0,46.92888261,-56.30527649,0,
3,SAINT VINCENT AND THE GRENADINES,VCT,WHO Region of the Americas,AMRO,0,0,0,0,0,0,13.20205468,-61.20753009,0,
3,SAMOA,WSM,WHO Western Pacific Region,WPRO,0,0,0,0,0,0,-13.7583492,-172.15945451,0,
3,SAN MARINO,SMR,WHO European Region,EURO,0,0,0,0,0,0,43.94191474,12.46035762,0,
3,SAO TOME AND PRINCIPE,STP,WHO African Region,AFRO,0,0,0,0,0,0,0.45825363,6.73729084,0,
3,SAUDI ARABIA,SAU,WHO Eastern Mediterranean Region,EMRO,8,0,0,0,0,0,24.08088192,44.57044965,1,2022-08-30T00:00:00
3,SENEGAL,SEN,WHO African Region,AFRO,0,0,0,0,0,0,14.36697954,-14.46817708,0,
3,SERBIA,SRB,WHO European Region,EURO,40,0,0,0,0,0,44.03387222,20.81133086,1,2022-10-04T00:00:00
3,SEYCHELLES,SYC,WHO African Region,AFRO,0,0,0,0,0,0,-6.39906405,52.23005901,0,
3,SIERRA LEONE,SLE,WHO African Region,AFRO,0,0,0,0,0,0,8.56034092,-11.7921029,0,
3,SINGAPORE,SGP,WHO Western Pacific Region,WPRO,19,0,0,0,0,0,1.35118038,103.80765359,1,2022-09-15T00:00:00
3,SINT MAARTEN (DUTCH PART),SXM,WHO Region of the Americas,AMRO,0,0,0,0,0,0,18.04690697,-63.06187633,0,
3,SLOVAKIA,SVK,WHO European Region,EURO,14,0,0,0,0,0,48.7073588,19.49145028,1,2022-10-04T00:00:00
3,SLOVENIA,SVN,WHO European Region,EURO,47,0,0,0,0,0,46.12355026,14.82707444,1,2022-10-04T00:00:00
3,SOLOMON ISLANDS,SLB,WHO Western Pacific Region,WPRO,0,0,0,0,0,0,-8.90427701,159.61275564,0,
3,SOMALIA,SOM,WHO Eastern Mediterranean Region,EMRO,0,0,0,0,0,0,6.0637135,45.86255927,0,
3,SOUTH AFRICA,ZAF,WHO African Region,AFRO,5,0,0,0,0,0,-28.99321352,25.08871199,1,2022-10-04T00:00:00
3,SOUTH SUDAN,SSD,WHO African Region,AFRO,0,0,0,0,0,0,7.27961187,30.34067655,0,
3,SPAIN,ESP,WHO European Region,EURO,7209,0,60,3,0,0,40.22749596,-3.64931118,1,2022-10-04T00:00:00
3,SRI LANKA,LKA,WHO South-East Asia Region,SEARO,0,0,0,0,0,0,7.61236243,80.70426262,0,
3,SUDAN,SDN,WHO Eastern Mediterranean Region,EMRO,17,0,10,1,0,0,16.04883821,30.00438135,1,2022-10-01T00:00:00
3,SURINAME,SUR,WHO Region of the Americas,AMRO,0,0,0,0,0,0,4.12671321,-55.91158124,0,
3,SVALBARD AND JAN MAYEN,SJM,WHO European Region,EURO,0,0,0,0,0,0,78.82964197,18.37439734,0,
3,SWEDEN,SWE,WHO European Region,EURO,198,0,3,0,0,0,62.78774226,16.74115526,1,2022-10-04T00:00:00
3,SWITZERLAND,CHE,WHO European Region,EURO,516,0,3,0,0,0,46.8025828,8.23458738,1,2022-10-04T00:00:00
3,SYRIAN ARAB REPUBLIC,SYR,WHO Eastern Mediterranean Region,EMRO,0,0,0,0,0,0,35.01307272,38.50584744,0,
3,TAJIKISTAN,TJK,WHO European Region,EURO,0,0,0,0,0,0,38.52781756,71.04218063,0,
3,THAILAND,THA,WHO South-East Asia Region,SEARO,10,0,2,0,0,0,15.11989876,101.01490782,1,2022-10-02T00:00:00
3,TIMOR-LESTE,TLS,WHO South-East Asia Region,SEARO,0,0,0,0,0,0,-8.82052123,125.8609961,0,
3,TOGO,TGO,WHO African Region,AFRO,0,0,0,0,0,0,8.53491037,0.97584596,0,
3,TOKELAU,TKL,WHO Western Pacific Region,WPRO,0,0,0,0,0,0,-9.08691012,-171.83219654,0,
3,TONGA,TON,WHO Western Pacific Region,WPRO,0,0,0,0,0,0,-19.98207654,-174.82453186,0,
3,TRINIDAD AND TOBAGO,TTO,WHO Region of the Americas,AMRO,0,0,0,0,0,0,10.46836429,-61.25263722,0,
3,TUNISIA,TUN,WHO Eastern Mediterranean Region,EMRO,0,0,0,0,0,0,34.11124917,9.56156142,0,
3,TÜRKIYE,TUR,WHO European Region,EURO,1,0,0,0,0,0,39.06061856,35.17921811,1,2022-10-04T00:00:00
3,TURKMENISTAN,TKM,WHO European Region,EURO,0,0,0,0,0,0,39.12221813,59.3835262,0,
3,TURKS AND CAICOS ISLANDS,TCA,WHO Region of the Americas,AMRO,0,0,0,0,0,0,21.80869292,-71.88207917,0,
3,TUVALU,TUV,WHO Western Pacific Region,WPRO,0,0,0,0,0,0,-7.58736,178.20111015,0,
3,UGANDA,UGA,WHO African Region,AFRO,0,0,0,0,0,0,1.28008463,32.38622999,0,
3,UKRAINE,UKR,WHO European Region,EURO,4,0,1,0,0,0,49.01609429,31.38784552,1,2022-10-04T00:00:00
3,UNITED ARAB EMIRATES,ARE,WHO Eastern Mediterranean Region,EMRO,16,0,0,0,0,0,23.91267254,54.33219878,1,2022-07-24T00:00:00
3,UNITED KINGDOM OF GREAT BRITAIN AND NORTHERN IRELAND,GBR,WHO European Region,EURO,3654,0,19,0,0,0,54.1601792,-2.90049476,1,2022-10-04T00:00:00
3,UNITED REPUBLIC OF TANZANIA,TZA,WHO African Region,AFRO,0,0,0,0,0,0,-6.27019905,34.82340201,0,
3,UNITED STATES OF AMERICA,USA,WHO Region of the Americas,AMRO,25672,0,342,2,0,1,45.6954816,-112.49356447,1,2022-10-04T00:00:00
3,UNITED STATES VIRGIN ISLANDS,VIR,WHO Region of the Americas,AMRO,0,0,0,0,0,0,17.9678899,-64.78692721,0,
3,URUGUAY,URY,WHO Region of the Americas,AMRO,8,0,0,0,0,0,-32.79956992,-56.01217362,1,2022-09-28T00:00:00
3,UZBEKISTAN,UZB,WHO European Region,EURO,0,0,0,0,0,0,41.75041661,63.16950578,0,
3,VANUATU,VUT,WHO Western Pacific Region,WPRO,0,0,0,0,0,0,-16.20215409,167.7055728,0,
3,VENEZUELA (BOLIVARIAN REPUBLIC OF),VEN,WHO Region of the Americas,AMRO,5,0,0,0,0,0,7.12493711,-66.16621515,1,2022-09-18T00:00:00
3,VIET NAM,VNM,WHO Western Pacific Region,WPRO,1,0,1,0,0,0,16.65160342,106.30403531,1,2022-10-03T00:00:00
3,WALLIS AND FUTUNA,WLF,WHO Western Pacific Region,WPRO,0,0,0,0,0,0,-13.78426596,-177.14397087,0,
3,WESTERN SAHARA,ESH,WHO African Region,AFRO,0,0,0,0,0,0,24.66157494,-13.13672471,0,
3,YEMEN,YEM,WHO Eastern Mediterranean Region,EMRO,0,0,0,0,0,0,15.8386485,47.58223641,0,
3,ZAMBIA,ZMB,WHO African Region,AFRO,0,0,0,0,0,0,-13.45307543,27.79788004,0,
3,ZIMBABWE,ZWE,WHO African Region,AFRO,0,0,0,0,0,0,-19.00000577,29.87175983,0,
